Workbook

Sheet Competition Submissions
A1: 🏆 Digilians Achievement Portal — Competition Submissions
A2: Master database for all student competition entries
A3: 📋 SUBMISSION INFO | D3: 👤 STUDENT DETAILS | J3: 🏅 COMPETITION INFO | R3: 📅 TIMELINE | V3: 💡 PROJECT DETAILS | AA3: 👥 TEAM INFO | AD3: 👑 LEADER INFO | AH3: 🎖 ACHIEVEMENTS | AL3: 🔗 LINKS & DOCS | AP3: 📝 NOTES
A4: Submission ID | B4: Submission Date | C4: Created By | D4: Student Full Name | E4: Student Email | F4: Student Phone | G4: Digilians Track | H4: University | I4: Faculty | J4: Competition Name | K4: Competition Link | L4: Organizer | M4: Competition Category | N4: Competition Country | O4: Competition Type | P4: Competition Level | Q4: Prize Pool | R4: Registration Date | S4: Submission Deadline | T4: Deadline Status | U4: Days Remaining | V4: Project Name | W4: Project Description | X4: Technology Stack | Y4: Team Name | Z4: Total Team Members | AA4: Is Team Leader? | AB4: Team Leader Name | AC4: Team Leader Email | AD4: Team Leader Phone | AE4: Current Status | AF4: Achievement | AG4: Ranking | AH4: Prize Won | AI4: Certificate Link | AJ4: Demo Link | AK4: GitHub Repository | AL4: LinkedIn Post | AM4: Presentation Link | AN4: Drive Folder | AO4: Notes | AP4: Completion %
A5: =IF(B5<>"","SUB-"&TEXT(ROW()+6,"0000"),"") -> SUB-0011 | B5: 2026-06-26 | C5: Admin | D5: Mohamed Abdelsalam Mohamed Gharieb | E5: moghariebai@gmail.com | F5: +20 01022487565 | G5: AI & Machine Learning | H5: Alexandria University | I5: Faculty of Engineering | J5: ITC-EGYPT 2026 | K5: https://itc-egypt.org | L5: ITC Egypt | M5: AI & Machine Learning | N5: Egypt | O5: Offline | P5: National | Q5: N/A | R5: 2026-02-15 | S5: 2026-08-31 | T5: =IF(S5="","N/A",IF(S5<TODAY(),"⛔ Expired",IF(S5-TODAY()<=7,"⚠️ Soon","✅ Open"))) -> ✅ Open | U5: =IF(S5="","",MAX(0,S5-TODAY())) -> 66 | V5: SADAR: AI-Powered Spectrum Anomaly Detection for Anti-Drone Threats | W5: SADAR is an AI-powered autonomous spectrum intelligence platform designed for anti-drone threat detection. The system analyzes RF spectrum signals, detects abnormal patterns, classifies potential drone activities, and provides real-time intelligence through an AI analytics dashboard. | X5: Python, FastAPI, React, TypeScript, AI/ML Models, Signal Processing, Data Analytics, WebSockets, Docker, REST API | Y5: SADAR AI Team | Z5: 5 | AA5: Yes | AB5: Mohamed Abdelsalam Mohamed Gharieb | AC5: moghariebai@gmail.com | AD5: +20 01022487565 | AE5: Shortlisted | AF5: Passed First Stage Review and Advanced to Phase 2 | AG5: Phase 2 Participant | AH5: N/A | AJ5: To be added after final presentation recording | AK5: https://github.com/GhariebML/SADAR | AO5: SADAR successfully passed the first stage evaluation of ITC-EGYPT 2026 and advanced to Phase 2. The project is currently being prepared for final demonstration including system testing, UI/UX improvements, AI analytics validation, and professional video presentation. Team Leader Location: Montaza District, Alexandria, Egypt. Team Member Aya Ashraf Location: Ibn El Sayar Street, El Kabary, Alexandria, Egypt. | AP5: =COUNTA(D5:E5,J5,V5,AE5)/5 -> 1
A6: =IF(B6<>"","SUB-"&TEXT(ROW()+6,"0000"),"") -> SUB-0012 | B6: 2026-06-26 | C6: Admin | D6: Mohamed Abdelsalam Mohamed Gharieb | E6: moghariebai@gmail.com | F6: +20 01022487565 | G6: AI & Machine Learning | H6: Alexandria University | I6: Faculty of Engineering | J6: ITC-EGYPT 2026 Anti-Drone Challenge | K6: https://itc-egypt.org | L6: ITC Egypt | M6: AI & Machine Learning | N6: Egypt | O6: Offline | P6: National | Q6: N/A | R6: 2026-02-15 | S6: 2026-08-31 | T6: =IF(S6="","N/A",IF(S6<TODAY(),"⛔ Expired",IF(S6-TODAY()<=7,"⚠️ Soon","✅ Open"))) -> ✅ Open | U6: =IF(S6="","",MAX(0,S6-TODAY())) -> 66 | V6: SADAR: AI-Powered Spectrum Anomaly Detection for Anti-Drone Threats | W6: SADAR is an AI-powered autonomous spectrum intelligence platform designed for anti-drone threat detection. The system analyzes RF spectrum signals, detects abnormal patterns, classifies potential drone activities, and provides real-time intelligence through an AI analytics dashboard. | X6: Python, FastAPI, React, TypeScript, AI/ML Models, Signal Processing, Data Analytics, WebSockets, Docker, REST API | Y6: SADAR AI Team | Z6: 5 | AA6: Yes | AB6: Mohamed Abdelsalam Mohamed Gharieb | AC6: moghariebai@gmail.com | AD6: +20 01022487565 | AE6: Shortlisted | AF6: Passed First Stage Review and Advanced to Phase 2 | AG6: Phase 2 Participant | AH6: N/A | AJ6: To be added after final presentation recording | AK6: https://github.com/GhariebML/SADAR | AO6: SADAR successfully passed the first stage evaluation of ITC-EGYPT 2026 Anti-Drone Challenge and advanced to Phase 2. The project is currently being prepared for final demonstration including system testing, UI/UX improvements, AI analytics validation, and professional video presentation. Team Leader Location: Montaza District, Alexandria, Egypt. Team Member Aya Ashraf Location: Ibn El Sayar Street, El Kabary, Alexandria, Egypt. | AP6: =COUNTA(D6:E6,J6,V6,AE6)/5 -> 1

Sheet Team Members
A1: 👥 Team Members Directory
A2: Track every team member across all competitions
A4: Team ID | B4: Competition Name | C4: Team Name | D4: Member Name | E4: Email | F4: Phone | G4: Digilians Track | H4: Role | I4: GitHub | J4: LinkedIn | K4: Portfolio | L4: Is Active
A5: =IF(C5<>"","TM-"&TEXT(ROW()+6,"0000"),"") -> TM-0011 | B5: ITC-EGYPT 2026 | C5: SADAR AI Team | D5: Mohamed Abdelsalam Mohamed Gharieb | E5: moghariebai@gmail.com | F5: +20 01022487565 | G5: AI & Machine Learning | H5: Leader | I5: https://github.com/GhariebML | L5: Yes
A6: =IF(C6<>"","TM-"&TEXT(ROW()+6,"0000"),"") -> TM-0012 | B6: ITC-EGYPT 2026 Anti-Drone Challenge | C6: SADAR AI Team | D6: Mohamed Abdelsalam Mohamed Gharieb | E6: moghariebai@gmail.com | F6: +20 01022487565 | G6: AI & Machine Learning | H6: Leader | I6: https://github.com/GhariebML | L6: Yes
A7: =IF(C7<>"","TM-"&TEXT(ROW()+6,"0000"),"") -> TM-0013 | B7: ITC-EGYPT 2026 | C7: SADAR AI Team | D7: Goda Emad Goda Elsayed | E7: goda.emad.elsayed@gmail.com | F7: 01126242932 | G7: AI & Machine Learning | H7: AI Developer | I7: https://github.com/godaemad | L7: Yes
A8: =IF(C8<>"","TM-"&TEXT(ROW()+6,"0000"),"") -> TM-0014 | B8: ITC-EGYPT 2026 Anti-Drone Challenge | C8: SADAR AI Team | D8: Goda Emad Goda Elsayed | E8: goda.emad.elsayed@gmail.com | F8: 01126242932 | G8: AI & Machine Learning | H8: AI Developer | I8: https://github.com/godaemad | L8: Yes
A9: =IF(C9<>"","TM-"&TEXT(ROW()+6,"0000"),"") -> TM-0015 | B9: ITC-EGYPT 2026 | C9: SADAR AI Team | D9: Aya Emad Ramadan Elsaby | E9: aya.emad.elsaby@gmail.com | F9: 01121897160 | G9: AI & Machine Learning | H9: AI Developer | I9: https://github.com/ayaemad | L9: Yes
A10: =IF(C10<>"","TM-"&TEXT(ROW()+6,"0000"),"") -> TM-0016 | B10: ITC-EGYPT 2026 Anti-Drone Challenge | C10: SADAR AI Team | D10: Aya Emad Ramadan Elsaby | E10: aya.emad.elsaby@gmail.com | F10: 01121897160 | G10: AI & Machine Learning | H10: AI Developer | I10: https://github.com/ayaemad | L10: Yes
A11: =IF(C11<>"","TM-"&TEXT(ROW()+6,"0000"),"") -> TM-0017 | B11: ITC-EGYPT 2026 | C11: SADAR AI Team | D11: Eman Mansour Abdel Halim Barrin | E11: eman.mansour.barrin@gmail.com | F11: 01068302915 | G11: AI & Machine Learning | H11: Signal Processing Specialist | I11: https://github.com/emanmansour | L11: Yes
A12: =IF(C12<>"","TM-"&TEXT(ROW()+6,"0000"),"") -> TM-0018 | B12: ITC-EGYPT 2026 Anti-Drone Challenge | C12: SADAR AI Team | D12: Eman Mansour Abdel Halim Barrin | E12: eman.mansour.barrin@gmail.com | F12: 01068302915 | G12: AI & Machine Learning | H12: Signal Processing Specialist | I12: https://github.com/emanmansour | L12: Yes
A13: =IF(C13<>"","TM-"&TEXT(ROW()+6,"0000"),"") -> TM-0019 | B13: ITC-EGYPT 2026 | C13: SADAR AI Team | D13: Aya Ashraf Elias AbdelMaksoud | E13: Ayaaeliass@gmail.com | F13: 01277474411 | G13: AI & Machine Learning | H13: UI/UX Designer | I13: https://github.com/Ayaaeliass | L13: Yes
A14: =IF(C14<>"","TM-"&TEXT(ROW()+6,"0000"),"") -> TM-0020 | B14: ITC-EGYPT 2026 Anti-Drone Challenge | C14: SADAR AI Team | D14: Aya Ashraf Elias AbdelMaksoud | E14: Ayaaeliass@gmail.com | F14: 01277474411 | G14: AI & Machine Learning | H14: UI/UX Designer | I14: https://github.com/Ayaaeliass | L14: Yes

Sheet Competitions Database
A1: 🏅 Competitions Database
A2: Master list of all competitions tracked by Digilians
A4: Competition ID | B4: Competition Name | C4: Organizer | D4: Website | E4: Registration Link | F4: Category | G4: Country | H4: Online/Offline | I4: Reg. Opens | J4: Reg. Deadline | K4: Submission Deadline | L4: Prize | M4: Announcement Link | N4: Status | O4: Notes
A5: =IF(B5<>"","COMP-"&TEXT(ROW()+6,"0000"),"") -> COMP-0011 | B5: ITC-EGYPT 2026 | C5: ITC Egypt | D5: https://itc-egypt.org | E5: https://itc-egypt.org/register | F5: AI & Machine Learning | G5: Egypt | H5: Online | I5: 2026-01-01 00:00:00 | J5: 2026-04-30 00:00:00 | K5: 2026-07-31 00:00:00 | L5: N/A | M5: https://itc-egypt.org/results | N5: Open | O5: Main event track for artificial intelligence and machine learning submissions.
A6: =IF(B6<>"","COMP-"&TEXT(ROW()+6,"0000"),"") -> COMP-0012 | B6: ITC-EGYPT 2026 Anti-Drone Challenge | C6: ITC Egypt | D6: https://itc-egypt.org | E6: https://itc-egypt.org/register | F6: AI & Machine Learning | G6: Egypt | H6: Online | I6: 2026-01-01 00:00:00 | J6: 2026-04-30 00:00:00 | K6: 2026-07-31 00:00:00 | L6: N/A | M6: https://itc-egypt.org/results | N6: Open | O6: Special challenge track focusing on spectrum intelligence and anti-drone detection systems.

Sheet Achievements
A1: 🎖 Achievements Register
A2: Official record of all verified competition achievements
A4: Achievement ID | B4: Competition Name | C4: Team Name | D4: Student Name | E4: Achievement | F4: Ranking | G4: Prize | H4: Achievement Date | I4: Certificate Link | J4: Photos Link | K4: News Link | L4: Verified
A5: =IF(B5<>"","ACH-"&TEXT(ROW()+6,"0000"),"") -> ACH-0011 | B5: ITC-EGYPT 2026 | C5: SADAR AI Team | D5: Mohamed Abdelsalam Mohamed Gharieb | E5: Passed First Stage Review and Advanced to Phase 2 | F5: Phase 2 Participant | G5: N/A | H5: 2026-06-25 | L5: Yes
A6: =IF(B6<>"","ACH-"&TEXT(ROW()+6,"0000"),"") -> ACH-0012 | B6: ITC-EGYPT 2026 Anti-Drone Challenge | C6: SADAR AI Team | D6: Mohamed Abdelsalam Mohamed Gharieb | E6: Passed First Stage Review and Advanced to Phase 2 | F6: Phase 2 Participant | G6: N/A | H6: 2026-06-25 | L6: Yes

Sheet Student Directory
A1: 👤 Student Directory
A2: Complete student registry with competition stats
A4: Student ID | B4: Full Name | C4: Email | D4: Phone | E4: Track | F4: Batch | G4: University | H4: Faculty | I4: GitHub | J4: LinkedIn | K4: Portfolio | L4: Total Competitions | M4: Total Wins | N4: Total Finalists | O4: Current Status
A5: =IF(B5<>"","STD-"&TEXT(ROW()+6,"0000"),"") -> STD-0011 | B5: Mohamed Abdelsalam Mohamed Gharieb | C5: moghariebai@gmail.com | D5: +20 01022487565 | E5: AI & Machine Learning | F5: Batch 3 | G5: Alexandria University | H5: Faculty of Engineering | I5: https://github.com/GhariebML | J5: https://linkedin.com/in/ghariebml | L5: 2 | M5: 0 | N5: 0 | O5: Active
A6: =IF(B6<>"","STD-"&TEXT(ROW()+6,"0000"),"") -> STD-0012 | B6: Goda Emad Goda Elsayed | C6: goda.emad.elsayed@gmail.com | D6: 01126242932 | E6: AI & Machine Learning | F6: Batch 3 | G6: Alexandria University | H6: Faculty of Engineering | I6: https://github.com/godaemad | L6: 2 | M6: 0 | N6: 0 | O6: Active
A7: =IF(B7<>"","STD-"&TEXT(ROW()+6,"0000"),"") -> STD-0013 | B7: Aya Emad Ramadan Elsaby | C7: aya.emad.elsaby@gmail.com | D7: 01121897160 | E7: AI & Machine Learning | F7: Batch 3 | G7: Alexandria University | H7: Faculty of Engineering | I7: https://github.com/ayaemad | L7: 2 | M7: 0 | N7: 0 | O7: Active
A8: =IF(B8<>"","STD-"&TEXT(ROW()+6,"0000"),"") -> STD-0014 | B8: Eman Mansour Abdel Halim Barrin | C8: eman.mansour.barrin@gmail.com | D8: 01068302915 | E8: AI & Machine Learning | F8: Batch 3 | G8: Alexandria University | H8: Faculty of Engineering | I8: https://github.com/emanmansour | L8: 2 | M8: 0 | N8: 0 | O8: Active
A9: =IF(B9<>"","STD-"&TEXT(ROW()+6,"0000"),"") -> STD-0015 | B9: Aya Ashraf Elias AbdelMaksoud | C9: Ayaaeliass@gmail.com | D9: 01277474411 | E9: AI & Machine Learning | F9: Batch 3 | G9: Alexandria University | H9: Faculty of Engineering | I9: https://github.com/Ayaaeliass | L9: 2 | M9: 0 | N9: 0 | O9: Active

Sheet Dashboard
A1: 🏆 DIGILIANS ACHIEVEMENT PORTAL — DASHBOARD
A2: Auto-calculated from live data | Last Refreshed: 26 June 2026
R3: Track | S3: Count | U3: Status | V3: Count
A4: 👤 Total Students | C4: 🏅 Total Competitions | E4: 📋 Total Submissions | G4: 👥 Total Team Members | I4: 🏆 Total Winners | K4: 🎖 Total Finalists | M4: ✅ Verified Achievements | O4: 🔓 Open Competitions | R4: AI & Machine Learning | S4: =COUNTIF('Competition Submissions'!G5:G2000,"AI & Machine Learning") -> 2 | U4: Winner | V4: =COUNTIF('Competition Submissions'!AE5:AE2000,"Winner") -> 0
A5: =COUNTA('Student Directory'!B5:B2000) -> 5 | C5: =COUNTA('Competitions Database'!B5:B2000) -> 2 | E5: =COUNTA('Competition Submissions'!B5:B2000) -> 2 | G5: =COUNTA('Team Members'!D5:D2000) -> 10 | I5: =COUNTIF('Competition Submissions'!AE5:AE2000,"Winner") -> 0 | K5: =COUNTIF('Competition Submissions'!AE5:AE2000,"Finalist") -> 0 | M5: =COUNTIF(Achievements!L5:L2000,"Yes") -> 2 | O5: =COUNTIF('Competitions Database'!N5:N2000,"Open") -> 2 | R5: Data Science | S5: =COUNTIF('Competition Submissions'!G5:G2000,"Data Science") -> 0 | U5: Finalist | V5: =COUNTIF('Competition Submissions'!AE5:AE2000,"Finalist") -> 0
R6: Web Development | S6: =COUNTIF('Competition Submissions'!G5:G2000,"Web Development") -> 0 | U6: Shortlisted | V6: =COUNTIF('Competition Submissions'!AE5:AE2000,"Shortlisted") -> 2
R7: Mobile Development | S7: =COUNTIF('Competition Submissions'!G5:G2000,"Mobile Development") -> 0 | U7: Under Review | V7: =COUNTIF('Competition Submissions'!AE5:AE2000,"Under Review") -> 0
A8: 📊 PARTICIPATION BY TRACK | J8: 🏅 TOP STUDENTS LEADERBOARD | R8: Cybersecurity | S8: =COUNTIF('Competition Submissions'!G5:G2000,"Cybersecurity") -> 0 | U8: Registered | V8: =COUNTIF('Competition Submissions'!AE5:AE2000,"Registered") -> 0
A9: Track | E9: Track | I9: Count | J9: # | K9: Student Name | L9: Competitions | M9: Wins | N9: Finals | R9: Cloud Computing | S9: =COUNTIF('Competition Submissions'!G5:G2000,"Cloud Computing") -> 0 | U9: Rejected | V9: =COUNTIF('Competition Submissions'!AE5:AE2000,"Rejected") -> 0
A10: AI & Machine Learning | E10: =COUNTIF('Competition Submissions'!G5:G2000,"AI & Machine Learning") -> 2 | J10: 1 | K10: Mohamed Abdelsalam Mohamed Gharieb | L10: 2 | M10: 0 | N10: 0 | R10: UI/UX Design | S10: =COUNTIF('Competition Submissions'!G5:G2000,"UI/UX Design") -> 0
A11: Data Science | E11: =COUNTIF('Competition Submissions'!G5:G2000,"Data Science") -> 0 | J11: 2 | K11: Goda Emad Goda Elsayed | L11: 2 | M11: 0 | N11: 0 | R11: Business Technology | S11: =COUNTIF('Competition Submissions'!G5:G2000,"Business Technology") -> 0
A12: Web Development | E12: =COUNTIF('Competition Submissions'!G5:G2000,"Web Development") -> 0 | J12: 3 | K12: Aya Emad Ramadan Elsaby | L12: 2 | M12: 0 | N12: 0 | R12: Embedded Systems | S12: =COUNTIF('Competition Submissions'!G5:G2000,"Embedded Systems") -> 0
A13: Mobile Development | E13: =COUNTIF('Competition Submissions'!G5:G2000,"Mobile Development") -> 0 | J13: 4 | K13: Eman Mansour Abdel Halim Barrin | L13: 2 | M13: 0 | N13: 0 | R13: Other | S13: =COUNTIF('Competition Submissions'!G5:G2000,"Other") -> 0
A14: Cybersecurity | E14: =COUNTIF('Competition Submissions'!G5:G2000,"Cybersecurity") -> 0 | J14: 5 | K14: Aya Ashraf Elias AbdelMaksoud | L14: 2 | M14: 0 | N14: 0
A16: 📈 COMPETITION SUCCESS METRICS | J16: 📅 MONTHLY REGISTRATIONS
A17: Total Submissions | E17: =COUNTA('Competition Submissions'!B5:B2000) -> 2 | J17: Jan | K17: Feb | L17: Mar | M17: Apr | N17: May | O17: Jun | P17: Jul
A18: Winners | E18: =COUNTIF('Competition Submissions'!AE5:AE2000,"Winner") -> 0 | J18: =SUMPRODUCT((MONTH('Competition Submissions'!B5:B2000)=1)*(YEAR('Competition Submissions'!B5:B2000)=2026)) -> 0 | K18: =SUMPRODUCT((MONTH('Competition Submissions'!B5:B2000)=2)*(YEAR('Competition Submissions'!B5:B2000)=2026)) -> 0 | L18: =SUMPRODUCT((MONTH('Competition Submissions'!B5:B2000)=3)*(YEAR('Competition Submissions'!B5:B2000)=2026)) -> 0 | M18: =SUMPRODUCT((MONTH('Competition Submissions'!B5:B2000)=4)*(YEAR('Competition Submissions'!B5:B2000)=2026)) -> 0 | N18: =SUMPRODUCT((MONTH('Competition Submissions'!B5:B2000)=5)*(YEAR('Competition Submissions'!B5:B2000)=2026)) -> 0 | O18: =SUMPRODUCT((MONTH('Competition Submissions'!B5:B2000)=6)*(YEAR('Competition Submissions'!B5:B2000)=2026)) -> 2 | P18: =SUMPRODUCT((MONTH('Competition Submissions'!B5:B2000)=7)*(YEAR('Competition Submissions'!B5:B2000)=2026)) -> 0
A19: Finalists | E19: =COUNTIF('Competition Submissions'!AE5:AE2000,"Finalist") -> 0
A20: Shortlisted | E20: =COUNTIF('Competition Submissions'!AE5:AE2000,"Shortlisted") -> 2
A21: Rejected | E21: =COUNTIF('Competition Submissions'!AE5:AE2000,"Rejected") -> 0
A22: Win Rate | E22: =IF(COUNTA('Competition Submissions'!B5:B2000)=0,0,COUNTIF('Competition Submissions'!AE5:AE2000,"Winner")/COUNTA('Competition Submissions'!B5:B2000)) -> 0

Sheet Drop-Down Lists
A1: 🗂 Digilians — Reference Drop-Down Lists
A2: All dropdown values used across the workbook
A3: Tracks | B3: Competition Categories | C3: Countries | D3: Roles | E3: Competition Status | F3: Achievement Types | G3: Universities | H3: Academic Years | I3: Batches | J3: Yes/No | K3: Comp Type | L3: Comp Reg Status | M3: Student Status | N3: Verified
A4: AI & Machine Learning | B4: AI & Machine Learning | C4: Egypt | D4: Leader | E4: Registered | F4: 1st Place | G4: Cairo University | H4: 1st Year | I4: Batch 1 | J4: Yes | K4: Online | L4: Upcoming | M4: Active | N4: Yes
A5: Data Science | B5: Data Science | C5: Saudi Arabia | D5: Developer | E5: Team Formed | F5: 2nd Place | G5: Ain Shams University | H5: 2nd Year | I5: Batch 2 | J5: No | K5: Offline | L5: Open | M5: Inactive | N5: No
A6: Web Development | B6: Web Development | C6: UAE | D6: AI Engineer | E6: Idea Submitted | F6: 3rd Place | G6: Alexandria University | H6: 3rd Year | I6: Batch 3 | K6: Hybrid | L6: Closed | M6: Graduated
A7: Mobile Development | B7: Mobile Application | C7: Jordan | D7: Data Scientist | E7: Proposal Submitted | F7: Top 5 | G7: Mansoura University | H7: 4th Year | I7: Batch 4 | L7: Finished
A8: Cybersecurity | B8: Cybersecurity | C8: Kuwait | D8: Backend | E8: MVP Completed | F8: Top 10 | G8: Helwan University | H8: 5th Year | I8: Batch 5
A9: Cloud Computing | B9: Innovation | C9: Qatar | D9: Frontend | E9: Under Review | F9: Top 20 | G9: Benha University | H9: Graduate | I9: Batch 6
A10: UI/UX Design | B10: Entrepreneurship | C10: Morocco | D10: UI/UX | E10: Shortlisted | F10: Finalist | G10: Zagazig University | I10: Batch 7
A11: Business Technology | B11: Robotics | C11: Tunisia | D11: Business | E11: Top 100 | F11: Honorable Mention | G11: Suez Canal University | I11: Batch 8
A12: Embedded Systems | B12: Design | C12: Germany | D12: Marketing | E12: Top 50 | F12: Participant | G12: Menoufia University | I12: Batch 9
A13: Other | B13: Research | C13: USA | D13: Research | E13: Top 20 | G13: South Valley University | I13: Batch 10
B14: Open Source | C14: UK | D14: Other | E14: Finalist | G14: Other | I14: Batch 11
B15: Other | C15: France | E15: Winner | I15: Batch 12
C16: Canada | E16: Rejected | I16: Batch 13
C17: Netherlands | I17: Batch 14
C18: Singapore | I18: Batch 15
C19: International
